id,true_genre,kmeans_cluster,agglo_cluster
711734,country,0,0
82203,country,0,0
445332,country,0,0
541844,country,0,0
228626,country,0,0
73111,country,0,0
745576,country,0,0
315638,country,0,0
317342,country,0,0
81787,country,0,0
210634,country,0,0
452079,country,0,0
526112,country,0,0
745581,country,0,0
566363,country,0,0
303761,country,0,0
119983,country,0,0
336489,country,0,0
718397,country,0,0
374537,country,0,0
61003,country,0,0
714000,country,0,0
697871,country,0,0
710748,country,0,0
214547,country,0,0
190900,country,0,0
60273,country,0,0
3774,country,0,0
103021,country,0,0
715375,country,0,0
122644,country,0,0
559827,country,0,0
144516,country,2,2
78309,country,0,0
60282,country,0,0
520995,country,0,0
709842,country,0,0
158624,country,0,0
712535,country,0,0
736633,country,0,0
539566,country,0,0
230015,country,0,0
2504,country,0,0
445342,country,0,0
119997,country,0,0
151451,country,0,0
460930,country,0,0
97422,country,0,0
97424,country,0,0
97420,country,0,0
710750,country,0,0
337085,country,0,0
191077,country,0,0
78308,country,0,0
531746,country,0,0
149213,country,0,0
97418,country,0,0
337194,country,0,0
443929,country,2,2
868604,country,0,0
220475,country,0,0
122326,country,0,0
709863,country,0,0
428436,country,0,0
862308,country,0,0
135266,country,0,0
445325,country,0,0
874991,country,0,0
280093,country,0,0
867141,country,0,0
774457,country,0,0
211463,country,0,0
4462,country,0,0
449427,country,0,0
667715,country,0,0
200388,country,0,0
138406,country,0,0
453517,country,0,0
137226,country,0,0
743762,country,0,0
50968,country,0,0
191638,country,0,0
334552,country,0,0
494541,country,0,0
445341,country,0,0
715354,country,0,0
743730,country,0,0
59820,country,0,0
75138,country,0,0
664468,country,0,0
710749,country,0,0
2873,country,0,0
81674,country,0,0
145558,country,0,0
372882,country,0,0
714006,country,0,0
50148,country,0,0
578811,country,0,0
2520,country,0,0
715277,country,0,0
213085,country,0,0
203717,country,0,0
657066,country,0,0
208574,country,0,0
658574,country,0,0
278034,country,0,0
869584,country,0,0
449699,country,0,0
776863,country,0,0
516285,country,0,0
155139,country,0,0
228873,country,0,0
509463,country,0,0
220526,country,0,0
480603,country,0,0
730988,country,0,0
89294,country,0,0
228700,country,0,0
428639,country,0,0
128403,country,0,0
866601,country,0,0
229073,country,0,0
289515,country,0,0
742840,country,0,0
145523,country,0,0
120561,country,0,0
663633,country,0,0
774335,country,0,0
2518,country,0,0
210663,country,0,0
632548,country,0,0
559866,country,0,0
713988,country,0,0
461742,country,0,0
422874,country,0,0
715274,country,0,0
876025,country,0,0
87492,country,0,0
351476,country,0,0
658875,country,0,0
76064,country,0,0
520991,country,0,0
622887,country,0,0
111524,rock,0,0
54793,rock,0,0
108081,rock,0,0
192299,rock,0,0
577623,rock,0,0
3092138,rock,0,0
166696,rock,0,0
143794,rock,0,0
108562,rock,0,0
56140,rock,0,0
368630,rock,0,0
1237,rock,0,0
121082,rock,0,0
64636,rock,0,0
869235,rock,0,0
102248,rock,0,0
262234,rock,0,0
691741,rock,0,0
141845,rock,0,0
65318,rock,0,0
349098,rock,0,0
215682,rock,0,0
191931,rock,0,0
134823,rock,0,0
54790,rock,0,0
117967,rock,0,0
1161,rock,0,0
50355,rock,0,0
54792,rock,0,0
1483,rock,0,0
54643,rock,0,0
6819293,rock,0,0
92399,rock,0,0
238665,rock,0,0
575138,rock,0,0
58873,rock,0,0
208665,rock,0,0
79192,rock,0,0
519897,rock,0,0
540525,rock,0,0
99915,rock,0,0
120169,rock,0,0
84118,rock,0,0
86043,rock,0,0
90013,rock,0,0
741332,rock,0,0
210678,rock,0,0
66663,rock,0,0
62557,rock,0,0
375929,rock,0,0
884772,rock,0,0
746105,rock,0,0
3253,rock,0,0
84421,rock,0,0
56577,rock,0,0
79172,rock,0,0
70252,rock,0,0
436505,rock,0,0
1394,rock,0,0
741330,rock,0,0
193981,rock,0,0
541999,rock,0,0
81639,rock,0,0
54294,rock,0,0
105987,rock,0,0
882570,rock,0,0
73033,rock,0,0
210633,rock,0,0
111652,rock,0,0
99039,rock,0,0
54794,rock,0,0
282477,rock,0,0
108080,rock,0,0
542037,rock,0,0
62556,rock,0,0
80735,rock,0,0
54784,rock,0,0
105955,rock,0,0
104549,rock,0,0
54418,rock,0,0
698698,rock,0,0
55299,rock,0,0
273984,rock,0,0
577625,rock,0,0
885255,rock,0,0
646768,rock,0,0
3603,rock,0,0
862792,rock,0,0
76009,rock,0,0
224,rock,0,0
1544,rock,0,0
2506,rock,0,0
210661,rock,0,0
113212,rock,0,0
58630,rock,0,0
122235,rock,0,0
73119,rock,0,0
106323,rock,0,0
96327,rock,0,0
107190,rock,0,0
266873,rock,0,0
2030,rock,0,0
981666,rock,0,0
79440,rock,0,0
1632,rock,0,0
153027,rock,0,0
31813,rock,0,0
50435,rock,0,0
128399,rock,0,0
54140,rock,0,0
63323,rock,0,0
526900,rock,0,0
147168,rock,0,0
118591,rock,0,0
690902,rock,0,0
7512947,rock,0,0
297306,rock,0,0
114632,rock,0,0
208924,rock,0,0
159031,rock,0,0
693077,rock,0,0
97708,rock,0,0
100069,rock,0,0
700017,rock,0,0
79947,rock,0,0
7513164,rock,0,0
87356,rock,0,0
270415,rock,0,0
54136,rock,0,0
126723,rock,0,0
74304,rock,0,0
662405,rock,0,0
87291,rock,0,0
71389,rock,0,0
259116,rock,0,0
100761,rock,0,0
210698,rock,0,0
223016,rock,0,0
212843,rock,0,0
2415164,rock,0,0
668212,rock,0,0
232537,rock,0,0
105014,rock,0,0
128009,rock,0,0
120569,rock,0,0
442368,rock,0,0
401533,rock,0,0
2352,rock,0,0
359887,rock,0,0
50590,rock,0,0
172574,rock,0,0
132089,rock,0,0
219437,rock,0,0
152169,rock,0,0
111525,rock,0,0
728884,rock,0,0
90842,rock,0,0
2907,rock,0,0
362381,rock,0,0
31963,rock,0,0
200241,rock,0,0
88903,rock,0,0
86317,rock,0,0
95287,rock,0,0
141375,rock,0,0
79891,rock,0,0
71931,rock,0,0
201800,rock,0,0
884877,rock,0,0
3555,rock,0,0
69205,rock,0,0
742606,rock,0,0
86120,rock,0,0
874889,rock,0,0
862646,rock,0,0
50647,rock,0,0
108489,rock,0,0
2770,rock,0,0
1767,rock,0,0
195716,rock,0,0
55302,rock,0,0
215279,rock,0,0
118635,rock,0,0
661190,rock,0,0
108565,rock,0,0
63338,rock,0,0
88410,rock,0,0
136361,rock,0,0
383545,rock,0,0
2515,rock,0,0
118637,rock,0,3
125250,rock,0,0
297542,rock,0,0
1188,rock,0,0
69900,rock,0,0
72119,rock,0,0
241361,rock,0,0
203027,rock,0,0
1638,rock,0,0
51271,rb,0,0
148,rb,0,0
32046,rb,0,0
51272,rb,0,0
6310,rb,0,0
32599,rb,0,0
3029,rb,0,0
398791,rb,0,0
1378,rb,0,0
3267,rb,0,0
97627,rb,0,0
53818,rb,0,0
229236,rb,0,0
67973,rb,0,0
329028,rb,0,0
90814,rb,0,0
501920,rb,0,0
152651,rb,3,4
110441,rb,0,0
73016,rb,0,0
2353,rb,0,0
185038,rb,0,0
1406,rb,0,0
95926,rb,0,0
54027,rb,0,0
168220,rb,0,0
77296,rb,0,0
105958,rb,0,0
6169,rb,0,0
71480,rb,0,0
117243,rb,0,0
6067222,rb,0,0
2196,rb,0,0
98954,rb,0,0
102388,rb,0,0
32545,rb,0,0
221752,rb,0,0
32254,rb,0,0
81109,rb,0,0
3764,rb,0,0
690634,rb,0,0
1236,rb,0,0
6170,rb,0,0
68183,rb,0,0
2294,rb,0,0
202598,rb,0,0
1847,rb,0,0
67974,rb,0,0
501279,rb,0,0
136365,rb,0,0
90809,rb,0,0
3096230,rb,0,0
5737,rb,0,0
32532,rb,0,0
75537,rb,0,0
32339,rb,0,0
92801,rb,0,0
32191,rb,0,0
83230,rb,0,0
3011062,rb,0,0
122502,rb,0,0
3239,rb,0,0
51650,rb,0,0
665639,rb,0,0
137603,rb,0,0
170602,rb,0,0
357649,rb,0,0
67366,rb,0,0
32963,rb,0,0
664,rb,0,0
100758,rb,0,0
32036,rb,0,0
1058,rb,0,0
32085,rb,0,0
579830,rb,0,0
524120,rb,0,0
32008,rb,0,0
141513,rb,0,0
460812,rb,0,0
5014,rb,0,0
100073,rb,0,0
873807,pop,0,0
4062,pop,0,0
1812,pop,0,0
953928,pop,0,0
55801,pop,0,0
744839,pop,0,0
76073,pop,0,0
865744,pop,0,0
743910,pop,0,0
5379,pop,0,0
353220,pop,0,0
54505,pop,0,0
371532,pop,0,0
862305,pop,0,0
566,pop,0,0
743793,pop,0,0
880875,pop,0,0
113006,pop,0,0
1589,pop,0,0
500868,pop,0,0
70047,pop,0,0
807904,pop,0,0
742867,pop,0,0
632449,pop,0,0
607314,pop,0,0
3330005,pop,0,0
135150,pop,0,0
31667,pop,0,0
2448905,pop,0,0
863369,pop,0,0
125684,pop,0,0
64434,pop,0,0
331146,pop,0,0
498286,pop,0,0
778964,pop,0,0
864929,pop,0,0
3366,pop,0,0
742449,pop,0,0
119367,pop,0,0
152823,pop,0,0
97789,pop,0,0
1189,pop,0,0
32097,pop,0,0
915938,pop,0,0
239242,pop,0,0
863110,pop,0,0
742366,pop,0,0
788916,pop,0,0
902554,pop,0,0
101491,pop,0,0
1170,pop,0,0
3540222,pop,0,0
76420,pop,0,0
185652,pop,0,0
866421,pop,0,0
81676,pop,0,0
32099,pop,0,0
742456,pop,0,0
71247,pop,0,0
743725,pop,0,0
873182,pop,0,0
742007,pop,0,0
85469,pop,0,0
103066,pop,0,0
637732,pop,0,0
866614,pop,0,0
863839,pop,0,0
933900,pop,0,0
75903,pop,0,0
88698,pop,0,0
2455011,pop,0,0
1846,pop,0,0
64759,pop,0,0
1436,pop,0,0
123101,pop,0,0
874013,pop,0,0
872541,pop,0,0
861835,pop,0,0
433665,pop,0,0
119682,pop,0,0
960911,pop,0,0
61990,pop,0,0
378873,pop,0,0
869396,pop,0,0
742669,pop,0,0
742948,pop,0,0
1862,pop,0,0
771874,pop,0,0
25987,pop,0,0
673203,pop,0,0
2820202,pop,0,0
847763,pop,0,0
209630,pop,0,0
955050,pop,0,0
3323849,pop,0,0
865556,pop,0,0
879622,pop,0,0
861731,pop,0,0
637912,pop,0,0
2209,pop,0,0
2313599,pop,0,0
82927,pop,0,0
442202,pop,4,0
1913,pop,0,0
639993,pop,0,0
116343,pop,0,0
863084,pop,0,0
963891,pop,0,0
4545,pop,0,0
383710,pop,0,0
513427,pop,0,0
442203,pop,0,0
865581,pop,0,0
209486,pop,0,0
881917,pop,0,0
498281,pop,0,0
58354,pop,0,0
120185,pop,0,0
292980,pop,0,0
1313,pop,0,0
861773,pop,0,0
804460,pop,0,0
1629,pop,0,0
744786,pop,0,0
116342,pop,0,0
85486,pop,0,0
507458,pop,0,0
861349,pop,0,0
742860,pop,0,0
864523,pop,0,0
2068159,pop,0,0
868020,pop,0,0
673210,pop,0,0
100856,pop,0,0
67962,pop,0,0
973872,pop,0,0
104685,pop,0,0
234875,pop,0,0
862720,pop,0,0
872581,pop,0,0
67284,pop,0,0
2526,pop,0,0
235171,pop,0,0
146697,pop,0,0
66157,pop,0,0
441183,pop,0,0
2289661,pop,0,0
864235,pop,0,0
480214,pop,0,0
154508,pop,0,0
717420,pop,0,0
93347,pop,0,0
866637,pop,0,0
506000,pop,0,0
866771,pop,0,0
487689,pop,0,0
3319684,pop,0,0
871373,pop,0,0
863565,pop,0,0
866393,pop,0,0
180982,pop,0,0
5292,pop,0,0
1644,pop,0,0
762847,pop,0,0
513964,pop,0,0
865664,pop,0,0
122199,pop,0,0
493898,pop,0,0
762503,pop,0,0
743829,pop,0,0
898624,pop,0,0
2433184,pop,0,0
862164,pop,0,0
881916,pop,0,0
196714,pop,0,0
353597,pop,0,0
61870,rap,0,0
19186,rap,0,0
6818717,rap,0,0
1742696,rap,0,0
55528,rap,0,0
223,rap,0,0
3877177,rap,0,0
4040,rap,0,0
4924234,rap,0,0
144248,rap,0,0
225,rap,0,0
3719686,rap,0,0
150328,rap,0,0
548,rap,0,0
5562,rap,0,0
5156,rap,0,0
23372,rap,0,0
25598,rap,0,0
428,rap,0,0
116476,rap,0,0
2118,rap,0,0
2711,rap,0,0
2035837,rap,0,0
1146,rap,0,0
1519,rap,0,0
6067276,rap,0,0
494640,rap,0,0
5030,rap,0,0
99957,rap,0,0
3306513,rap,0,0
357,rap,0,0
31804,rap,0,0
2390931,rap,0,0
618,rap,0,0
5718,rap,0,0
309,rap,0,0
500,rap,0,0
6067176,rap,0,0
335,rap,0,0
2835442,rap,0,0
14,rap,0,0
2878618,rap,0,0
4299,rap,0,0
2855118,rap,0,0
4232,rap,0,0
96,rap,0,0
61019,rap,0,0
2468012,rap,0,0
49498,rap,0,0
4424,rap,0,0
699731,rap,0,0
97378,rap,0,0
3004920,rap,0,0
14478,rap,0,0
132118,rap,0,0
4,rap,0,0
2433,rap,0,0
931,rap,0,0
2457553,rap,0,0
299,rap,0,0
1801,rap,0,0
934,rap,0,0
64416,rap,0,0
32136,rap,0,0
61386,rap,0,0
348,rap,0,0
3119,rap,0,0
2391225,rap,0,0
706,rap,0,0
2304,rap,0,0
6189,rap,0,0
238,rap,0,0
4924232,rap,0,0
95,rap,1,1
289,rap,0,0
1348,rap,0,0
2425,rap,0,0
152,rap,0,0
291,rap,0,0
150954,rap,0,0
3783,rap,0,0
32218,rap,0,0
81625,rap,0,0
2477318,rap,0,0
50813,rap,0,0
1826,rap,0,0
6003,rap,0,0
257,rap,0,0
4787734,rap,0,0
12805,rap,0,0
1414,rap,0,0
25309,rap,0,0
136,rap,0,0
1260,rap,0,0
64807,rap,0,0
9,rap,0,0
3016,rap,0,0
3911533,rap,0,0
2468,rap,0,0
3647940,rap,0,0
946,rap,0,0
33097,rap,0,0
1505,rap,0,0
24887,rap,0,0
936,rap,0,0
25507,rap,0,0
53859,rap,0,0
2900608,rap,0,0
3574904,rap,0,0
345854,rap,0,0
1530,rap,0,0
772,rap,0,0
152409,rap,0,0
630,rap,0,0
71924,rap,0,0
17476,rap,0,0
2379,rap,0,0
4289156,rap,0,0
4084606,rap,0,0
988,rap,0,0
2832,rap,0,0
162588,rap,0,0
901,rap,0,0
71,rap,0,0
911618,rap,0,0
724261,rap,0,0
2426,rap,0,0
2936375,rap,0,0
623,rap,0,0
359,rap,0,0
12806,rap,0,0
2334,rap,0,0
1781355,rap,0,0
3228840,rap,0,0
3777,rap,0,0
2698,rap,0,0
38,rap,0,0
1791398,rap,0,0
175453,rap,0,0
168255,rap,0,0
244,rap,0,0
7551,rap,0,0
93,rap,0,0
749505,rap,0,0
116754,rap,0,0
2138830,rap,0,0
25116,rap,0,0
72835,rap,0,0
46663,rap,0,0
49110,rap,0,0
653140,rap,0,0
3030360,rap,0,0
2446,rap,0,0
25115,rap,0,0
39021,rap,0,0
2939132,rap,0,0
158365,rap,0,0
2605,rap,0,0
3658814,rap,0,0
3647937,rap,0,0
2875496,rap,0,0
4353573,rap,0,0
32028,rap,0,0
99996,rap,0,0
59369,rap,0,0
536,rap,0,0
663,rap,0,0
2939210,rap,0,0
25493,rap,0,0
3825,rap,0,0
3970,rap,0,0
10,rap,0,0
419,rap,0,0
433654,rap,0,0
51956,rap,0,0
198724,rap,0,0
49687,rap,0,0
4353580,rap,0,0
72152,rap,0,0
1046,rap,0,0
2939243,rap,0,0
151,rap,0,0
149,rap,0,0
322,rap,0,0
1602,rap,0,0
2862917,rap,0,0
280,rap,0,0
15,rap,0,0
32976,rap,0,0
2291776,rap,0,0
3707,rap,0,0
4034,rap,0,0
719991,rap,0,0
3719653,rap,0,0
5342,rap,0,0
3077616,rap,0,0
25508,rap,0,0
